t;G1;G2;G3;COI
0.01;50.00590150343319;50.02465712989721;50.03707384342998;50.012372449053764
0.02;50.01772068177528;50.07397138974004;50.11109628887473;50.03711750804892
0.03;50.029588325700004;50.12328564973674;50.1847438985759;50.061863095690676
0.04;50.041536579051936;50.172599910018846;50.25776976096541;50.08660971659348
0.05;50.053597323052266;50.22191417076076;50.3299314913777;50.11135809981456
0.06;50.06580204650165;50.27122843219599;50.40099315317561;50.1361092809807
0.07;50.07818169322656;50.32054269463237;50.47072727408528;50.16086467680847
0.08;50.09076648302657;50.36985695846619;50.538916964263905;50.18562614993544
0.09;50.10358570429446;50.419171224194855;50.605358128810074;50.210396062090354
0.1;50.11666747864285;50.46848549242807;50.669861752400955;50.235177313808876
0.11;50.13003850016487;50.5177997638973;50.73225621855819;50.259973369158864
0.12;50.14372375425019;50.567114039463334;50.792389611864365;50.284788264289006
0.13;50.15774622302139;50.616428320122175;50.850131939464084;50.30962659905581
0.14;50.17212658629617;50.66574260700894;50.90537719951792;50.33449351151128
0.15;50.186882928369215;50.71505690139983;50.95804521989879;50.35939463562791
0.16;50.20203046171675;50.764371204712546;51.00808319102349;50.38433604327156
0.17;50.21758127886366;50.81368551850477;51.05546682262755;50.40932417206888
0.18;50.233544143070816;50.862999844471176;51.10020106542177;50.43436574141389
0.19;50.24992432720921;50.91231418443897;51.14232035436363;50.459467659372756
0.2;50.26672350825553;50.961628540362014;51.18188834975982;50.48463692363857
0.21;50.28393972239423;51.01094291431385;51.21899717426284;50.509880519925545
0.22;50.30156738291254;51.06025730847941;51.253766166483175;50.535205321253706
0.23;50.3195973601253;51.10957172514574;51.28634019378116;50.56061799145465
0.24;50.33801711967245;51.158886166691644;51.31688758628983;50.58612489593391
0.25;50.35681091289107;51.20820063557613;51.34559777004737;50.6117320222776
0.26;50.37596001074337;51.25751513432575;51.37267868833695;50.637444912724725
0.27;50.395442971105076;51.306829665520645;51.39835410642258;50.66326860988164
0.28;50.4152359281567;51.35614423177909;51.42286089575918;50.689207616376564
0.29;50.43531289218978;51.40545883574041;51.44644638978419;50.715265868482774
0.3;50.455646048306626;51.45477348004622;51.46936589524971;50.741446723115466
0.31;50.47620604317986;51.50408816731933;51.491880431644354;50.76775295706098
0.31;50.49781755337717;51.52975690899632;51.45074931891358;50.78443590406483
0.32;50.52072538041868;51.53135643072332;51.34700567842718;50.79168279097709
0.33;50.54428140951451;51.531986735719485;51.24546109465599;50.79940591601944
0.34;50.568386283841114;51.53140435325864;51.14686675072119;50.80755547747443
0.35;50.59295396626666;51.529370821049355;51.05186375211528;50.81608214557115
0.36;50.617909999739894;51.52565511853028;50.961005577377705;50.824938334049975
0.37;50.643189646552415;51.52003661591758;50.874776888282334;50.834079153407
0.38;50.66873604351962;51.5123085818921;50.79360792907398;50.8434630819796
0.39;50.694498470145334;51.5022821727905;50.71788429036055;50.8530523889283
0.4;50.72043079490154;51.48979071572519;50.647952253068716;50.86281333899699
0.41;50.74649014035174;51.47469400744785;50.584120268097266;50.87271620491843
0.42;50.772635789586985;51.45688228965406;50.52665737291148;50.88273511080441
0.43;50.79882834267933;51.43627953783824;50.47578949876627;50.892847729331024
0.44;50.8250291210655;51.412845719702695;50.43169468097809;50.90303485681784
0.45;50.85119980878174;51.386577740898055;50.39449815052107;50.91327989272062
0.46;50.87730231154984;51.357508895437675;50.364268164121015;50.92356825264277
0.47;50.90329880756831;51.32570676493717;50.34101323561085;50.933886745709565
0.48;50.9291519575533;51.29126965006849;50.3246811855666;50.944222947217966
0.49;50.9548252363962;51.254321752416;50.3151601576681;50.95456459541452
0.5;50.980283345142794;51.215007439141516;50.31228149005388;50.964899037057286
0.51;51.00549266019478;51.17348500379624;50.31582410730371;50.97521274052299
0.52;51.030421676885986;51.129920376942685;50.32551993607066;50.98549088839911
0.53;51.05504140688921;51.084481238844916;50.34105975750505;50.99571705469164
0.54;51.07932569306757;51.03733194792053;50.36209889438461;51.00587296589731
0.55;51.10325141103208;50.98862963164558;50.38826218260278;51.01593834096716
0.56;51.12679853336118;50.938521701896846;50.419147780926906;51.02589080306772
0.57;51.14995003971695;50.887144964847074;50.4543295121675;51.03570585614384
0.58;51.172691663564365;50.83462640505404;50.493357585967345;51.045356921415106
0.59;51.19501147357749;50.78108563974475;50.53575771429022;51.05481543267025
0.6;51.216899294950444;50.72663896445499;50.581028785850556;51.064050993965225
0.61;51.23834598270328;50.671404843934866;50.62863941028177;51.073031608388405
0.62;51.25934256576738;50.61551063904229;50.67802377543956;51.081723991185626
0.63;51.27987928729887;50.55910029654861;50.72857738217673;51.090093983963946
0.64;51.2999445734458;50.50234265998726;50.77965332975754;51.09810708813154
0.65;51.31952396976144;50.445439983298726;50.830559918158514;51.10572913440028
0.66;51.33859909153562;50.388636145809784;50.88056040186678;51.11292710035412
0.67;51.3571466412048;50.33222398248669;50.92887575791886;51.1196700791931
0.68;51.375137552093534;50.276551068540144;50.974691296986265;51.12593038953332
0.69;51.3925363220888;50.2220232492372;51.01716782453346;51.13168479882431
0.7;51.409300602182654;50.16910520566073;51.05545782476516;51.136915812537666
0.71;51.42538110164401;50.118317418168644;51.08872677734717;51.14161295972644
0.72;51.44072186240012;50.070229051018465;51.11617922808123;51.1457739857846
0.73;51.455260938855986;50.025446543654574;51.13708864952594;51.14940584898693
0.74;51.46893149545346;49.98459804940552;51.15082950835652;51.152525412673775
0.75;51.4816633035624;49.94831428210316;51.15690939590933;51.155159733233354
0.76;51.49338458411137;49.917206764618335;51.15499868762399;51.15734586722234
0.77;51.50402410657059;49.891844853420814;51.144955081682916;51.15913015845953
0.78;51.513513423563175;49.8727331690047;51.12684059867812;51.16056701412056
0.79;51.52178909898336;49.8602911350818;51.10092921346776;51.16171723137756
0.8;51.52879478079932;49.85483619058693;51.067704173394915;51.162645984864476
0.81;51.53448298053996;49.85657189801965;51.02784510060261;51.163420622090904
0.82;51.538816449742264;49.865581679593376;50.9822060055541;51.16410843261793
0.83;51.541769086040865;49.88182834839798;50.93178617949478;51.164774554433656
0.84;51.543326351933025;49.905159055230605;50.87769645409129;51.16548015854727
0.85;51.543485239646145;49.93531482287175;50.82112345878329;51.16628101490323
0.86;51.542253857947294;49.97194354218758;50.763294293798744;51.16722649610313
0.87;51.539650744663035;50.01461517859489;50.705443559310424;51.16835902754511
0.88;51.5357040184249;50.062837971228014;50.64878406521407;51.16971395000661
0.89;51.530450474446084;50.1160745654667;50.594481919609805;51.171319728076185
0.9;51.52393470498402;50.173757255725626;50.54363615881245;51.173198417564045
0.91;51.51620829108119;50.23530178250321;50.49726269684578;51.17536629732786
0.92;51.50732907504537;50.30011938593203;50.456282152779664;51.177834574399526
0.93;51.497360489766045;50.36762703908615;50.421511039044034;51.180610083381026
0.94;51.48637089700129;50.43725595170242;50.39365582051472;51.18369591878231
0.95;51.47443287577735;50.5084585429656;50.373309433615965;51.187091959259924
0.96;51.46162240510469;50.580714132991055;50.360949943415235;51.19079526285923
0.97;51.44801790095595;50.653533604734825;50.35694108439166;51.19480033019427
0.98;51.43369909250022;50.7264632528998;50.36153446283139;51.19909924654724
0.99;51.41874575231488;50.799087977319715;50.37487319569473;51.20368172340729
1.0;51.40323632471527;50.87103390880575;50.396996732614085;51.208535064986215
1.01;51.387246520971644;50.94197048795915;50.427846569588844;51.21364408632891
1.02;51.370847966739206;51.011611962224265;50.46727252989872;51.21899100777444
1.03;51.35410699381169;51.07971823066638;50.515039270821816;51.22455534690308
1.04;51.33708366527673;51.146094953206145;50.57083267937823;51.23031382488925
1.05;51.31983111166748;51.2105928512159;50.634265846619186;51.23624030033056
1.06;51.30239523808663;51.27310615600715;50.704884354369895;51.242305740800816
1.07;51.28481484124075;51.33357020475417;50.78217066591837;51.24847824090083
1.08;51.26712215343626;51.39195823227348;50.865547478940066;51.254723095473324
1.09;51.24934380985115;51.44827745404976;50.954379973349454;51.261002937687785
1.1;51.23150221697394;51.50256457416437;51.04797696993306;51.26727795350724
1.11;51.21361728423911;51.554880876441544;51.14559111077964;51.27350618614479
1.12;51.19570846701015;51.60530706574301;51.24641828344391;51.279643945961915
1.13;51.17779705600004;51.65393801909135;51.34959663967691;51.28564634225275
1.14;51.15990863456048;51.700877585738915;51.45420570483593;51.29146795283796
1.15;51.14207560977195;51.746233545816736;51.55926622824618;51.297063644637134
1.16;51.124339705314426;51.79011280431971;51.66374157278094;51.30238955265809
1.17;51.10675428415615;51.83261686677408;51.766541560430724;51.30740421548266
1.18;51.08938634908038;51.873837620395435;51.866529748731516;51.31206985193564
1.19;51.07231805253004;51.91385343406944;51.96253507487077;51.316353746300024
1.2;51.05564753926218;51.9527255943509;52.05336863490747;51.32022968904918
1.21;51.03948895189151;51.9904951126564;52.13784603843625;51.32367939846927
1.22;51.02397145644255;52.02717996782612;52.21481528691195;51.32669382868363
1.23;51.00923719666972;52.0627728822644;52.28318948905374;51.32927425530457
1.24;50.995438162741934;52.09723976059316;52.34198300854786;51.331433025438564
1.25;50.982732057395964;52.130518937675696;52.3903489340761;51.33319386776199
1.26;50.97127735049176;52.16252137920446;52.427615192590515;51.334591682972196
1.27;50.96122781565443;52.19313194693914;52.45331632141619;51.335671774582266
1.28;50.95272692241741;52.222211781254614;52.467217975009476;51.33648853103649
1.29;50.94590249742312;52.24960177121885;52.46933171275187;51.33710362572666
1.3;50.940862057958746;52.27512698820894;52.4599184610758;51.337583853026324
1.31;50.93768915874088;52.2986018683657;52.43948015126506;51.3379987572007
1.32;50.93644098710588;52.31983585805533;52.40874022723842;51.33841823027912
1.33;50.93714731002389;52.33863919809588;52.36861479745277;51.33891025165238
1.34;50.939810740657634;52.35482852388864;52.32017699839388;51.33953891761571
1.35;50.94440817389485;52.36823199914249;52.264617534754784;51.340362868532466
1.36;50.95089315535728;52.37869377255067;52.203204338810316;51.341434172368814
1.37;50.95919890451908;52.38607763614988;52.137243905785844;51.342797674148436
1.38;50.969241708830616;52.390269855422325;52.06804622893879;51.3444907782319
1.39;50.98092443440072;52.391181219693394;51.99689451854203;51.34654359867117
1.4;50.994139948346486;52.38874841584853;51.925020176030365;51.348979393954394
1.41;51.008774306293326;52.38293485292404;51.85358290915344;51.35181519564418
1.42;51.024709615491595;52.373731059568705;51.78365547304584;51.355062543580296
1.43;51.041826532609136;52.36115474582779;51.716212318752696;51.35872825063913
1.44;51.06000639192375;52.34525057423105;51.652121402467955;51.36281513469243
1.45;51.07913298377083;52.326089634017556;51.592138510049644;51.367322671991055
1.46;51.099094016128824;52.303768567936494;51.536903626729526;51.37224754289061
1.47;51.11978229665368;52.27840827311434;51.486939076963765;51.37758405635358
1.48;51.141096671101;52.25015209230892;51.442649329139236;51.38332445314112
1.49;51.16294274945618;52.21916343143806;51.40432247386833;51.38945909847779
1.5;51.185233445255975;52.18562278091298;51.37213342877398;51.39597658288363
1.51;51.20788934793712;52.149724175346094;51.346148898461195;51.40286375466919
1.52;51.230838943413396;52.11167118929541;51.32633403986172;51.41010570934241
1.53;51.254018694811734;52.07167262566822;51.312560672475016;51.417685760174756
1.54;51.27737299338635;52.02993809910485;51.304616755324574;51.42558541093649
1.55;51.30085398885543;51.986673742592174;51.30221675091653;51.433784347031505
1.56;51.32442130843076;51.94207826874747;51.305012428703634;51.442260455724195
1.57;51.348041674271286;51.896339598364996;51.312603636344264;51.45098988062649
1.58;51.371688429661454;51.849632231701605;51.324548588144395;51.459947110753454
1.59;51.39534098463725;51.802115488350054;51.34037328132346;51.46910510072764
1.6;51.418984191899774;51.75393268587144;51.35957974228226;51.4784354163497
1.61;51.44260766360094;51.70521127163844;51.38165291480319;51.487908398776696
1.62;51.46620503897831;51.65606387128574;51.40606611811145;51.497493340792474
1.63;51.4897732119435;51.606590173758526;51.43228511476254;51.50715866982857
1.64;51.51331152672011;51.556879538445656;51.4597709288376;51.51687213414574
1.65;51.536820948635466;51.5070141840943;51.48798163914681;51.52660099055304
1.66;51.560303216348956;51.457072800992265;51.516373437644546;51.536312193892584
1.67;51.58375998128503;51.40713441574203;51.54440128923974;51.545972589983016
1.68;51.607191939939966;51.35728233041932;51.57151955561554;51.55554911459205
1.69;51.63059796511623;51.30760795410569;51.5971829526114;51.56500900117956
1.7;51.65397424302866;51.258214344569865;51.62084819786731;51.574319999577156
1.71;51.67731342459454;51.20921928193074;51.641976672046674;51.58345060649416
1.72;51.70060380098299;51.160757705863155;51.660038362154225;51.59237030689398
1.73;51.72382851552436;51.11298336510589;51.674517278843126;51.60104982308597
1.74;51.74696482619192;51.066069554448;51.68491844209464;51.609461366122524
1.75;51.76998343485475;51.02020885113034;51.6907764144494;51.61757888213898
1.76;51.79284790113934;50.97561180961894;51.69166523425097;51.62537828501031
1.77;51.81551415981765;50.93250462921098;51.687209472569805;51.63283766648941
1.78;51.837930160992016;50.8911258692167;51.67709601884136;51.63993747611349
1.79;51.86003565188082;50.85172234604142;51.661086105472464;51.64666066573675
1.8;51.88176211773479;50.81454439872635;51.639027023722505;51.652992797473644
1.81;51.90303289746658;50.77984074763442;51.61086297158954;51.65892211877322
1.82;51.923763487212696;50.747853189445934;51.57664451261199;51.664439613710265
1.83;51.94386204261956;50.71881136745775;51.53653620769716;51.66953904461194
1.84;51.96323008854876;50.692927829874634;51.4908220969128;51.67421700200296
1.85;51.981763443473426;50.67039354468166;51.4399088339832;51.67847298275231
1.86;51.99935336527063;50.651373985405;51.38432638850779;51.68230951561266
1.87;52.015887925288325;50.63600584713994;51.32472630622075;51.68573234968945
1.88;52.031253617942006;50.62439440620166;51.26187753908924;51.68875071468981
1.89;52.04533721263497;50.61661150720293;51.196659819468415;51.69137765232645
1.9;52.05802785194476;50.6126941522254;51.13005446555615;51.69363040652165
1.91;52.06921939285354;50.61264367746969;51.06313239421415;51.69553084688195
1.92;52.07881297433825;50.616425528361454;50.99703902001903;51.69710588638811
1.93;52.086719773342224;50.623969676133065;50.932975681468896;51.698387841763484
1.94;52.09286388160652;50.63517174721586;50.87217730030693;51.699414675258204
1.95;52.097185199446294;50.64989495144049;50.8158861795188;51.7002300515728
1.96;52.099642203076925;50.6679728883766;50.765322188539805;51.700883145351085
1.97;52.10021440574491;50.68921327932966;50.72165004830803;51.70142814477842
1.98;52.09890430780021;50.71340261657391;50.685944957508525;51.7019234161746
1.99;52.095738625558674;50.74031164734163;50.65915830846392;51.70243032253161
2.0;52.09076861039675;50.76970152812722;50.64208562420988;51.703011723408935
2.01;52.08406932123114;50.80133040777006;50.63533900978666;51.70373022036583
2.02;52.07573779298505;50.83496013856195;50.63932628238591;51.704646245777454
2.03;52.065890142239176;50.870362783950064;50.65423850867386;51.70581611772839
2.04;52.05465775526525;50.907326595343896;50.680046976110745;51.70729019493994
2.05;52.042182796816995;50.945661169168;50.71650975719788;51.70911126077442
2.06;52.02861334530864;50.985201562658055;50.763187126187326;51.71131324459702
2.07;52.0140984908785;51.02581123223854;50.819464297773685;51.713920355430965
2.08;51.998783723787035;51.06738374849573;50.88457939227899;51.71694666237392
2.09;51.98280689548794;51.10984332397551;50.95765425883987;51.72039611503438
2.1;51.96629496333641;51.1531442543083;51.03772581614155;51.724262961193105
2.11;51.94936164527147;51.1972694138801;51.12377585604398;51.728532492276635
2.12;51.932106026067956;51.24222796359437;51.21475772037377;51.73318203212028
2.13;51.914612082585876;51.28805242349307;51.30961881290206;51.73818208077219
2.14;51.89694903859302;51.334795243194705;51.40731846106167;51.74349753091016
2.15;51.879172422686025;51.38252497551796;51.50684112929716;51.749088886983266
2.16;51.861325684465555;51.43132213029173;51.60720536814306;51.754913433365914
2.17;51.84344222089422;51.48127476190359;51.70746914545875;51.76092631485486
2.18;51.82554767203229;51.53247382941593;51.80673235384078;51.76708150862832
2.19;51.807662358472285;51.58500836382577;51.904137338839426;51.77333267995995
2.2;51.78980374793376;51.63896048307358;51.99886826958276;51.779633923881065
2.21;51.771988852996955;51.6944003099152;52.09015010016257;51.78594040150665
2.22;51.75423647451325;51.751380867765725;52.177247766524694;51.79220888315985
2.23;51.73656921568052;51.80993305139192;52.25946614421716;51.79839821124628
2.24;51.71901520087133;51.8700607889454;52.33615116629667;51.80446969465664
2.25;51.70160944238048;51.931736525676676;52.40669237247619;51.81038744397455
2.26;51.68439480882715;51.994897164950096;52.470527031650136;51.816118653604285
2.27;51.66742256232152;52.05944059735816;52.52714585048203;51.821633833776815
2.28;51.650752448448955;52.12522293386404;52.5761001516312;51.82690699287361
2.29;51.63445234357431;52.19205653574297;52.6170102793847;51.831915769192115
2.3;51.61859748687736;52.25970890596551;52.64957487380163;51.83664151159162
2.31;51.603269347893324;52.32790247800722;52.67358055554162;51.84106931060891
2.32;51.58855420141304;52.39631531373718;52.68891149235786;51.845187985516475
2.33;51.574541497371285;52.46458270642047;52.69555828401341;51.84899003793733
2.34;51.5613221210946;52.53229968097126;52.69362561080572;51.852471588182084
2.35;51.54898663721787;52.599024392240466;52.683338141546386;51.85563231528666
2.36;51.537623598426066;52.66428244145628;52.66504428178544;51.85847542451699
2.37;51.52731797943745;52.727572156316846;52.63921744716765;51.86100766566728
2.38;51.51814977053946;52.788370904578464;52.606454650335635;51.86323942094903
2.39;51.510192737993854;52.84614252553326;52.56747227293877;51.86518487234897
2.4;51.50351333566775;52.900345959200834;52.52309894276252;51.86686224543982
2.41;51.49816973771024;52.95044512081236;52.4742654462485;51.86829411091912
2.42;51.49421095888103;52.99592000193605;52.421991589424536;51.869507708457064
2.43;51.491676037955095;53.03627887685405;52.36736990052132;51.87053524204821
2.44;51.49059327871436;53.071071356303136;52.31154608068258;51.87141408447813
2.45;51.49097956838459;53.0999018697336;52.255696192835224;51.87218682309654
2.46;51.49283981944092;53.122442988394795;52.201000761990514;51.87290108172168
2.47;51.49616660148412;53.13844784834443;52.14861625183288;51.8736090652498
2.48;51.50094004012825;53.14776082343644;52.09964476215569;51.87436679433324
2.49;51.50712805616444;53.150325563045364;52.05510320730018;51.87523302587568
2.5;51.51468699993617;53.14618957247128;52.01589360888287;51.87626788820104
2.51;51.52356270501075;53.135504688651146;51.9827763772775;51.87753129347736
2.52;51.533691946473425;53.118523085174175;51.95634848660213;51.8790812194983
2.53;51.54500424866782;53.09558880295392;51.9370282216814;51.88097197351509
2.54;51.557423951411465;53.06712520145385;51.92504769682345;51.883252558793046
2.55;51.57087241806996;53.03361910349147;51.9204536736308;51.885965258189046
2.56;51.58527025680102;52.99560270734429;51.92311644024193;51.8891445289836
2.57;51.600539428682524;52.95363451821882;51.932745779433006;51.89281627251887
2.58;51.61660513178733;52.90828058413243;51.948912461662346;51.89699750570359
2.59;51.633397375193546;52.86009721209641;51.971073331736704;51.90169642467535
2.6;51.65085218709954;52.809616116141314;51.998597946714256;51.90691281893941
2.61;51.66891243229753;52.75733265203834;52.03079485157024;51.91263877082558
2.62;51.687528242611755;52.703697472691815;52.06693589398843;51.91885956192057
2.63;51.706657087046736;52.64911163653988;52.10627740645399;51.925554705145736
2.64;51.72626352510774;52.59392495059324;52.14807754716222;51.93269902675649
2.65;51.74631869695984;52.538437146945995;52.191609528362626;51.94026373424981
2.66;51.766799608512734;52.4829013797749;52.23617082921462;51.94821742123257
2.67;51.78768826935228;52.42752948146118;52.28108876919934;51.956526976221774
2.68;51.80897073802998;52.372498417742804;52.3257230049168;51.965158377167384
2.69;51.83063612382678;52.31795741688745;52.369465617345476;51.97407736591694
2.7;51.852675587753374;52.264035302068066;52.41173949421889;51.983250006212536
2.71;51.87508137896959;52.210847617875444;52.451995700082975;51.992643134961995
2.72;51.89784593644625;52.15850320365482;52.48971047953812;52.002224719648716
2.73;51.92096107974615;52.10710992450994;52.524382467835174;52.01196413525708
2.74;51.94441730727245;52.05677932511653;52.55553059382591;52.021832372528976
2.75;51.96820321510128;52.007630024040196;52.58269305628862;52.03180218633223
2.76;51.99230504440274;51.95978972042551;52.60542763697303;52.04184818903761
2.77;52.0167063602801;51.913395744153014;52.623313483365784;52.051946889698385
2.78;52.04138785949207;51.868594147256445;52.635954353895485;52.062076676128875
2.79;52.066327298924485;51.82553740895972;52.642983173912015;52.072217734263006
2.8;52.09149953091683;51.78438090688533;52.644067611946355;52.08235189793944
2.81;52.116876625815735;51.74527838767422;52.638916265706214;52.092462422849465
2.82;52.14242805671289;51.708376743801566;52.62728496141564;52.10253368093446
2.83;52.168120916592386;51.673810460607406;52.60898263370204;52.1125507759024
2.84;52.19392013444103;51.64169612934669;52.58387627827889;52.12249908634264
2.85;52.21978865460441;51.61212742113774;52.551894561854986;52.132363749510226
2.86;52.24568754305224;51.585170879450445;52.513029830028245;52.14212910543489
2.87;52.271575985380416;51.56086281654324;52.467338461811316;52.15177812678734
2.88;52.297411144341865;51.539207498633225;52.4149397576095;52.161291864263205
2.89;52.32314784941495;51.52017668675279;52.35601378864347;52.17064893976412
2.9;52.348738097341815;51.50371047929495;52.29079885048626;52.17982512038161
2.91;52.37413035076901;51.48971929289202;52.219589323896145;52.188793005495185
2.92;52.399268632367566;51.47808673348651;52.14273482980369;52.19752185782729
2.93;52.424091424641595;51.4686730585827;52.0606415560803;52.205977607783915
2.94;52.44853040186682;51.46131891934898;51.97377652191967;52.214123059453655
2.95;52.47250904122438;51.455849097260455;51.88267532651067;52.22191832646924
2.96;52.49594118615133;51.452076009897915;51.787953600373626;52.22932152620541
2.97;52.51872966671678;51.44980284676534;51.690321940607745;52.23628976041489
2.98;52.54076511893363;51.448826298877634;51.59060356937785;52.2427804075109
2.99;52.56192518506489;51.44893895440163;51.489753320966294;52.24875274369782
3.0;52.582074315355065;51.449931534787076;51.38887586675423;52.25416989399581
3.01;52.601064420171205;51.45159522856242;51.28924038844927;52.259001086985755
3.02;52.61873662886531;51.45372442928823;51.19228830629384;52.263224146921786
3.03;52.63492438387048;51.45612018581747;51.09963030418969;52.26682810407082
3.04;52.64945802166455;51.4585946145239;51.01302894753695;52.26981574272887
3.05;52.662170856568146;51.460976397453365;50.93436384938364;52.27220584507163
3.06;52.67290658921713;51.46311730074942;50.86557774684983;52.27403484151005
3.07;52.68152762518332;51.46489941294769;50.80860402329975;52.27535756164391
3.08;52.687923646073834;51.46624255963638;50.7652789797813;52.276246811013614
3.09;52.69201957792979;51.4671111518374;50.737245116931874;52.27679158838077
3.1;52.69378200910681;51.46751962820001;50.72585423111464;52.27709390473283
3.11;52.693223170860506;51.46753570285219;50.73208057701192;52.27726435080794
3.12;52.69040182737202;51.46728084931394;50.75645415195825;52.27741675134882
3.13;52.685420802871576;51.466927811500355;50.79902210572315;52.27766239974926
3.14;52.6784213327691;51.46669536783467;50.85934264024473;52.278104448046605
3.15;52.66957486672994;51.46684098859136;50.93651125708464;52.27883301241468
3.16;52.659073279008496;51.46765232406298;51.02921481528553;52.27992144580252
3.17;52.647118590225915;51.469438574462586;51.13580551976943;52.28142405337389
3.18;52.6339132590775;51.472522701162404;51.25438529248999;52.28337532412788
3.19;52.61965189504636;51.47723517185086;51.38289113518207;52.285790566282586
3.2;52.604514939748505;51.48390955457024;51.51917377127572;52.28866769671541
3.21;52.58866453962202;51.49287986729447;51.66106445923969;52.29198986050411
3.22;52.57224254825306;51.504479225046296;51.80642772393402;52.295728542512556
3.23;52.55537038970869;51.519039061225435;51.95320028245145;52.299846863985934
3.24;52.5381503952194;51.53688806667439;52.09941827696767;52.30430281341529
3.25;52.52066818439825;51.55835000114324;52.243235922214396;52.30905222427705
3.26;52.50299567790999;51.583739682763664;52.38293886462044;52.31405136998448
3.27;52.485194377950364;51.613356733848505;52.516955089010196;52.31925909256574
3.28;52.46731861670445;51.64747702476294;52.64386531321613;52.32463841604105
3.29;52.44941853825441;51.68634216718739;52.76241371513643;52.33015762169121
3.3;52.43154263985824;51.73014780652254;52.8715187637444;52.335790785079084
3.31;52.413739752739495;51.77903178535821;52.970283066271264;52.341517797595486
3.32;52.3960603918711;51.833063432944115;53.058000637898374;52.34732391996215
3.33;52.37855745071002;51.89223523269928;53.13415991848386;52.353198940353906
3.34;52.36128626156401;51.956457914234456;53.19844119319417;52.35913603225381
3.35;52.34430408474186;52.02555963011951;53.25070773121284;52.36513042260251
3.36;52.32766912776714;52.099289370607416;53.290990789190516;52.37117798571154
3.37;52.31143922669579;52.17732422796274;53.319469457768164;52.37727387128388
3.38;52.295670341925494;52.2592796389504;53.33644699950027;52.38341125691065
3.39;52.280415028652214;52.344721387697426;53.34232572526454;52.38958029021629
3.4;52.265721036578874;52.43317798846665;53.33758254540785;52.3957672584747
3.41;52.25163017546108;52.52415209749406;53.322747143037354;52.40195399916503
3.42;52.23817755475287;52.61712979907104;53.298384331860994;52.408117547573795
3.43;52.22539126998572;52.71158692502935;53.26508168217472;52.41423000925859
3.44;52.21329256884666;52.80699194278201;53.223443019287764;52.42025864597265
3.45;52.20189648930258;52.90280533526474;53.17408798161214;52.42616617178395
3.46;52.19121292318752;52.99847576149242;53.11765749322137;52.43191126875343
3.47;52.18124802354661;53.09343361148883;53.05482474140666;52.43744934528909
3.48;52.172005844400516;53.187082851417244;52.9863110079091;52.44273357169455
3.49;52.163490078901866;53.27879229956015;52.912905422694635;52.44771623312363
3.5;52.15570574750185;53.36788768688942;52.835487333330796;52.45235043692471
3.51;52.148660683252665;53.45364603354267;52.755049474044924;52.45659219617674
3.52;52.14236666839508;53.535293993331365;52.67271947962229;52.46040288144761
3.53;52.136840096520885;53.612011838539345;52.58977658331641;52.463751986813556
3.54;52.1321020689489;53.682944610569805;52.507659702121444;52.4666200944322
3.55;52.12817788238703;53.74722156962556;52.42796276053745;52.46900184854616
3.56;52.12509592528972;53.80398436881008;52.35241330219608;52.47090867394384
3.57;52.12288606760011;53.85242332830368;52.28283144925594;52.472370910785806
3.58;52.12157769482775;53.89181985081692;52.2210682532925;52.473439007363595
3.59;52.12119759236003;53.92159157340559;52.168925383044225;52.474183435889564
3.6;52.12176791866082;53.941335583983;52.128061549771665;52.47469308924193
3.61;52.123304507778826;53.95086430472104;52.09989439880488;52.475072080317965
3.62;52.12581570851725;53.95022878883482;52.08550892174391;52.4754350817652
3.63;52.12930190278806;53.93972535995667;52.08558395702381;52.47590157326094
3.64;52.13375575923522;53.919883644290714;52.10034661241947;52.4765895544679
3.65;52.13916318523816;53.89143671463441;52.12956063428892;52.477609385231474
3.66;52.14550485705885;53.85527669448247;52.172549665464174;52.479058401168125
3.67;52.15275814723698;53.81240115803195;52.22825117230235;52.48101682422743
3.68;52.16089923732841;53.763856590081595;52.295292773601275;52.48354527671726
3.69;52.16990520277316;53.710684929897425;52.37208057028666;52.48668396555111
3.7;52.179755879533374;53.65387801846332;52.45688905287466;52.49045338455331
3.71;52.19043536068819;53.59434300706607;52.54794388243105;52.49485622565837
3.72;52.2019330167658;53.5328799224289;52.643491582035686;52.49988011140139
3.73;52.21424397940054;53.47017098646894;52.741853159233834;52.50550075630027
3.74;52.22736906973861;53.40678016357777;52.84146128893481;52.51168521437859
3.75;52.241314189161734;53.34316079877587;52.94088257460946;52.518394949879685
3.76;52.256089220338;53.2796690416399;53.03882749109903;52.52558855623279
3.77;52.27170651209907;53.21658089076398;53.13415100038847;52.53322402898883
3.78;52.288179042933315;53.154111002174254;53.225846720978;52.54126056335863
3.79;52.30551837523265;53.09243176848857;53.313037134935236;52.54965989364544
3.8;52.32373252544221;53.031691517929666;53.39496181231309;52.55838722152091
3.81;52.342823882978465;52.97203096528163;53.470965142523454;52.567411795776366
3.82;52.36278731196482;52.913597261860815;53.54048465179611;52.57670721127576
3.83;52.383608563315455;52.85655514959574;53.60304067340363;52.58625149231876
3.84;52.40526310974598;52.80109484700781;53.658227908384504;52.59602701783608
3.85;52.427715492893554;52.7474364071429;53.705709236156466;52.606020334600586
3.86;52.45091924078016;52.69583041186559;53.74521196867741;52.61622189148871
3.87;52.474817377180884;52.64655501933325;53.77652655693349;52.62662571427106
3.88;52.499343504729055;52.599909568084016;53.79950753782741;52.63722902803004
3.89;52.52442340407121;52.55620515643059;53.81407625678464;52.64803182469957
3.9;52.5499770556205;52.51575284211283;53.820224641723115;52.65903636780567
3.91;52.5759209618588;52.478850316631096;53.81801907956234;52.67024662615019
3.92;52.602170629549065;52.445768067849926;53.80760330681827;52.68166763298948
3.93;52.62864306450816;52.41673612077996;53.789199215285834;52.693304776277614
3.94;52.65525913731993;52.39193241606842;53.76310461788724;52.70516303688113
3.95;52.68194569564434;52.3714737403925;53.729687315462506;52.717246202816526
3.96;52.70863732530904;52.35540987392244;53.68937521811642;52.72955609591345
3.97;52.73527769476938;52.34372129753054;53.64264274428956;52.742091850797436
3.98;52.76182045182025;52.33632045032353;53.5899941735402;52.75484928367496
3.99;52.788229673690566;52.33305619497788;53.53194499532445;52.76782038032769
4.0;52.81447989850864;52.33372087767799;53.469002525236895;52.780992920388705
4.01;52.84055578529989;52.33805919114695;53.401647130715325;52.79435024058344
4.02;52.866451460112586;52.34577797533749;53.33031532966368;52.807871125612984
4.03;52.89216960770856;52.35655611498725;53.25538583274106;52.82152980389409
4.04;52.91772036260023;52.370053796764594;53.177169342849176;52.83529601794671
4.05;52.943120041763606;52.38592054385591;53.09590265587967;52.84913513652548
4.06;52.968389746060865;52.40380162421893;53.011747369608855;52.863008277591604
4.07;52.99355384019078;52.42334260620719;52.924793332980094;52.87687241737083
4.08;53.018638303608526;52.44419199511804;52.835066869228534;52.89068047027047
4.09;53.04366892889831;52.46600201811168;52.74254378039257;52.90438133658253
4.1;53.06866933106789;52.488427732305034;52.647167170689954;52.91791992910662
4.11;53.0936587228498;52.5111247170259;52.54887018344502;52.93123720572782
4.12;53.11864940944544;52.53374568528406;52.44760379243616;52.94427025235525
4.13;53.14364396400729;52.555936421840656;52.34336977648913;52.95695247915718
4.14;53.16863206610576;52.577331535074215;52.236258880214834;52.96921401200188
4.15;53.1935870237691;52.597550602673074;52.126493861373454;52.980982378872724
4.16;53.21846205991366;52.61619539592327;52.01447658174413;52.99218360488103
4.17;53.243186529598084;52.63284897297586;51.90083745811367;53.00274383466464
4.18;53.26766234594117;52.647077513744065;51.78648442770552;53.01259159072329
4.19;53.29176102394386;52.658435788450944;51.6726471352151;53.02166074218204
4.2;53.31532188705742;52.666477054597294;51.560910458128504;53.029894191782965
4.21;53.338152091936855;52.67076790271163;51.45323004053169;53.03724818313894
4.22;53.360029168859114;52.67090806884056;51.351921656362485;53.04369698572044
4.23;53.38070669546522;52.666554486649616;51.25961655646273;53.049237544033524
4.24;53.399923469849284;52.65744791771875;51.1791770660604;53.05389350891011
4.25;53.41741610122141;52.643439522372326;51.113570973409836;53.05771794874495
4.26;53.43293432056089;52.62451395625439;51.06570956571911;53.06079402272018
4.27;53.44625763035696;52.600805290690225;51.038261654859475;53.06323303549721
4.28;53.457211331166974;52.57260250562141;51.03346293812041;53.06516960207283
4.29;53.46567968262854;52.54034258007185;51.052944444723494;53.066754099498226
4.3;53.47161413549356;52.504591144135595;51.097603743319766;53.06814307875728
4.31;53.475035247753;52.46601284393403;51.16753720432003;53.0694887274754
4.32;53.47602794848402;52.42533545413036;51.26204172149779;53.07092868957049
4.33;53.47473097639224;52.38331285441333;51.379682253116044;53.07257749264862
4.34;53.47132228724395;52.34069201081275;51.51841048423182;53.074520523364185
4.35;53.466002754531885;52.298188137791826;51.675712626126845;53.0768110197774
4.36;53.45898049157638;52.25647059759713;51.84876233131162;53.079470053335406
4.37;53.4504576770851;52.21616026282484;52.03455773640074;53.08248907579234
4.38;53.44062105784205;52.17783740688803;52.23002826933099;53.08583438130577
4.39;53.42963654590594;52.14205790560315;52.43210503553575;53.08945278965324
4.4;53.41764769078967;52.10937466177216;52.63775647157264;53.09327794932053
4.41;53.4047773746406;52.080360619645525;52.84399726694651;53.097236819235825
4.42;53.391131857060174;52.05562941752425;53.04788269778425;53.10125604518572
4.43;53.376806241723564;52.03584960437531;53.246502330325676;53.10526804951974
4.44;53.3618904875135;52.02174850484587;53.43698656897622;53.109216675596095
4.45;53.346475188691045;52.014102443737784;53.61653681074839;53.11306217551984
4.46;53.330656469584504;52.013711351431134;53.7824851575971;53.11678523190633
4.47;53.314539470754816;52.02135788299472;53.9323831136188;53.120389613065136
4.48;53.29824005339565;52.03775397042637;54.06411131781503;53.123903035994715
4.49;53.28188452884199;52.06348072725767;54.17599556817334;53.12737590246521
4.5;53.26560743357004;52.098930072999984;54.266909971767696;53.130877797634376
4.51;53.249547601991374;52.14425748454741;54.336347610002264;53.13449196727039
4.52;53.233843005838345;52.199354304599524;54.384443338145395;53.13830834055289
4.53;53.21862498639991;52.26384500935144;54.4119415347785;53.14241593821563
4.54;53.20401256683994;52.33711041989201;54.42011170696623;53.1468956128706
4.55;53.19010748056802;52.41833319959635;54.41062408908367;53.151813973560856
4.56;53.1769904016019;52.50655834917703;54.38540334754842;53.15721908032444
4.57;53.164718652391294;52.60075963398501;54.34648003409778;53.1631381392638
4.58;53.153325443126455;52.69990313934839;54.295856824610134;53.16957708349215
4.59;53.14282050850709;52.8030010157402;54.23540127958969;53.17652166939213
4.6;53.133191880942086;52.909151165725774;54.166770718066616;53.18393958812394
4.61;53.124408480585004;53.01756134386615;54.091369384216684;53.191783084062486
4.62;53.11642320336119;53.1275583208512;54.01033432088611;53.19999165164215
4.63;53.1091762299645;53.238584149403664;53.92454446749905;53.208494507706995
4.64;53.102598341699;53.350182177788795;53.83464719412526;53.21721267140484
4.65;53.09661409626945;53.461975468212444;53.74109725574695;53.226060604301594
4.66;53.09114477687644;53.5736399325801;53.644204464614084;53.23494745937549
4.67;53.08611107533113;53.68487402426538;53.544187791169705;53.24377805832216
4.68;53.08143550263188;53.795366401567904;53.44123479683898;53.25245376673941
4.69;53.077044539471515;53.90476273318916;53.33556605888887;53.260873471793424
4.7;53.07287054675395;54.01263282921973;53.2275044149251;53.268934890202544
4.71;53.068853455146495;54.11843959443359;53.11754831027877;53.27653644471943
4.72;53.06494224567978;54.2215119129004;53.00644718207882;53.28357993792707
4.73;53.061096222818236;54.32102442147876;52.89527463271779;53.28997421026832
4.74;53.05728606922418;54.415988058853415;52.78549225855891;53.295639877500264
4.75;53.05349465909098;54.50525600351745;52.67899380773099;53.300515083954394
4.76;53.04971759541678;54.587549717664295;52.57811663765939;53.30456197361752
4.77;53.045963426651824;54.66150878669821;52.48560644511061;53.307773284136175
4.78;53.042253490802736;54.72576564353143;52.404523406425206;53.31017815717149
4.79;53.0386213325574;54.779041975372344;52.33808439753289;53.311846020593464
4.8;53.03511164565763;54.82025813188521;52.289447039489886;53.31288735056812
4.81;53.03177871499331;54.84864147410278;52.26145531880108;53.313450371143446
4.82;53.02868437709157;54.863816203460914;52.25637982732234;53.31371333303585
4.83;53.02589558580003;54.86585761507485;52.27569343806522;53.31387284821083
4.84;53.023481754573446;54.85529877458794;52.31992141061147;53.31412963030013
4.85;53.02151212882268;54.833086482585166;52.38859239353736;53.314673625369466
4.86;53.02005349449427;54.8004935844543;52.480296562394855;53.31567068693376
4.87;53.01916852785536;54.759003037425245;52.59283541465;53.31725258808226
4.88;53.01891502541305;54.71018319335907;52.72343129497712;53.31951140200132
4.89;53.0193461308661;54.65557276021683;52.86895790973949;53.32249838146379
4.9;53.02051152371104;54.5965889654718;53.026156349898535;53.326226699326575
4.91;53.02245938392057;54.53446573076754;53.191811520912566;53.33067694979551
4.92;53.02523882631599;54.470222353505825;53.36287692826554;53.33580418973152
4.93;53.0289024222224;54.40465868429023;53.53654754795654;53.341545445087576
4.94;53.03350839782652;54.33837051038609;53.710288735099844;53.34782689512074
4.95;53.03912211373741;54.27177847061853;53.88183325986983;53.35457025999756
4.96;53.045816481964;54.20516464953315;54.049159278298184;53.361698179071674
4.97;53.05367106008043;54.13871233230667;54.21046050896571;53.36913854520577
4.98;53.062769675491175;54.07254573136437;54.36411722380377;53.37682785636891
4.99;53.07319657361174;54.006767534207825;54.50867371156167;53.38471367899885
5.0;53.08503124752679;53.94149277724798;54.64282514724431;53.39275631343799
